{
  "framework": "nextjs",
  "buildCommand": "npm run build",
  "devCommand": "npm run dev",
  "installCommand": "npm install",
  "env": {
    "NEXT_PUBLIC_SUPABASE_URL": "@supabase-url",
    "NEXT_PUBLIC_SUPABASE_ANON_KEY": "@supabase-anon-key"
  },
  "functions": {
    "app/api/waitlist/route.ts": {
      "maxDuration": 10
    }
  },
  "headers": [
    {
      "source": "/api/(.*)",
      "headers": [
        {
          "key": "Access-Control-Allow-Origin",
          "value": "*"
        },
        {
          "key": "Access-Control-Allow-Methods",
          "value": "GET, POST, PUT, DELETE, OPTIONS"
        },
        {
          "key": "Access-Control-Allow-Headers",
          "value": "Content-Type, Authorization"
        }
      ]
    }
  ]
}